id_registro,raw_text_id,data_contato,hora_contato,nome,telefone,bairro,referencia_local,tipo_demanda,descricao_curta,prioridade_percebida,consentimento_comunicacao,fonte,confianca_global,flags,revisado,timestamp_processamento,timestamp_captura,agente_id,texto_original,latitude,longitude
1,1,2025-07-18,22:55,Maria Silva,+5511999998888,,Esquina da Rua A com Rua B na Praça Central,BUEIRO,"Bueiro entupido na esquina da Rua A com Rua B na Praça Central, com crianças passando",ALTA,True,texto_digitado,0.708,,False,2025-07-18 23:14:16.227780,2025-07-18 22:55:35.099481,7632684980,"Hoje 18/07 falei com Maria Silva na Praça Central, bueiro entupido na esquina da Rua A com Rua B, telefone 11 99999-8888, urgente porque tem crianças passando",,
2,2,,,,,,,,,,,texto_digitado,0.0,,False,2025-07-18 23:14:16.269915,2025-07-18 22:57:37.333064,7632684980,teste test,,
3,3,2025-07-18,,Joao da Silva,,,,,,,False,texto_digitado,0.225,,False,2025-07-18 23:14:16.293021,2025-07-18 22:58:54.530451,7632684980,hoje falei com joao da silva,,
4,4,2025-07-16,,Flavinho,+5511999998888,,Esquina da Rua x com Rua y na Praça da seh,BUEIRO,Bueiro entupido na esquina da Rua x com Rua y na Praça da seh,BAIXA,False,texto_digitado,0.708,,False,2025-07-18 23:45:27.736040,2025-07-18 23:30:19.093477,7632684980,"16/07 falei com flavinho do pneu na Praça da seh, bueiro entupido na esquina da Rua x com Rua y, telefone 11 99999-8888, pouco urgente pq eh transito normal",,
5,5,2025-04-15,,Shaolin Matador de Porco,+5511999998888,Liberdade,Esquina da Rua J com Rua Z,BUEIRO,Bueiro entupido na esquina da Rua J com Rua Z para dificultar a vida dos porcos,ALTA,True,texto_digitado,0.92,,False,2025-07-18 23:45:27.766901,2025-07-18 23:44:02.674911,7632684980,"15/04 falei com shaolin matador de porco na liberdade, bueiro entupido na esquina da Rua j com Rua z, telefone 11 99999-8888, urgente eh pra dificultar a vida dos porcos",,
6,6,2025-07-17,20:00,Carlos,+5521987654321,Vila Nova,Rua das Palmeiras 123,ILUMINACAO,"Lâmpada queimada na Rua das Palmeiras 123, com crianças estudando à noite",ALTA,True,texto_digitado,0.925,,False,2025-07-18 23:54:19.909739,2025-07-18 23:54:19.446268,test_user_123,"Ontem à noite falei com Sr. Carlos no bairro Vila Nova, lâmpada queimada na Rua das Palmeiras 123, telefone 21 98765-4321, ele disse que é urgente pois tem crianças estudando à noite",,
7,7,2025-07-10,,Vinicius,+5511999998887,Vergueiro,Rua Castro Alves,PODA,Árvore precisa de poda na Rua Castro Alves,BAIXA,,texto_digitado,0.92,,False,2025-07-19 00:05:20.025780,2025-07-18 23:57:33.883046,7632684980,"10/12 falei com  vinicius na vergueiro, arvore precisa de poda na rua castro alves telefone 11 99999-8887, pouco urgente mas precisa de prazo",,
8,8,2025-07-12,,Vinicius,+5511999998877,,Vergueiro,ARVORE,Árvore precisa de tratamento na Rua José de Alencar,BAIXA,,texto_digitado,0.708,,False,2025-07-19 00:05:20.057965,2025-07-19 00:02:36.871183,7632684980,"11/12 falei com  vinicius na vergueiro, arvore precisa de tratamento na rua jose de alencar telefone 11 99999-8877, pouco urgente",,
9,9,2025-12-09,,Gabriel,+55119999988555,Saúde,Rua Gomes da Costa,PODA,Árvore precisa de poda na Rua Gomes da Costa com risco de queda iminente,ALTA,,texto_digitado,0.92,,False,2025-07-19 00:14:42.599560,2025-07-19 00:10:57.876007,7632684980,"09/12 falei com  Gabriel na saude, arvore precisa de poda na rua gomes da costa telefone 11 99999-88555, risco de queda iminente",,
10,10,2025-12-08,,Marcos,+55119999988333,Paraiso,Rua dos Alfeneiros,PODA,Alagamento precisa de poda na Rua dos Alfeneiros com risco de afogamento,ALTA,True,texto_digitado,0.92,,False,2025-07-19 00:23:44.375512,2025-07-19 00:19:53.962675,7632684980,"08/12 falei com  Marcos no paraiso, alagamento precisa de poda na rua dos alfeneiros telefone 11 99999-88333, risco de afogamento",,
11,11,2025-07-19,00:29,José,,,Rua Piassanguaba,BURACO,Buraco na rua Piassanguaba,MEDIA,False,texto_digitado,0.463,,False,2025-07-19 00:36:05.230891,2025-07-19 00:29:42.962356,7632684980,hoje jose buraco na rua piassanguaba,,
12,12,2025-12-08,,Tereza,+55119999977333,Consolação,,FIACAO,"Problema com a fiação, risco de choque",ALTA,True,texto_digitado,0.92,,False,2025-07-20 15:47:48.951547,2025-07-20 15:47:17.349140,7632684980,"08/12 falei com  Tereza na consolacao, problema com a fiacao telefone 11 99999-77333, risco de choque",,
13,13,2025-12-02,,Leticia,+5511555577333,Jundiai,,FORNECIMENTO,Problema com fornecimento no hospital em Jundiai,ALTA,,texto_digitado,0.932,,False,2025-07-20 15:51:02.551852,2025-07-20 15:51:00.042444,7632684980,"02/12 falei com Leticia em Jundiai, problema com fornecimento no hospital telefone 11 5555-77333",,
14,14,2025-07-14,16:10,Maria Silva,+551177778888,,Esquina da Rua José da Silva Calvo,BUEIRO,Bueiro entupido na esquina da Rua José da Silva Calvo com cheiro de esgoto,ALTA,True,texto_digitado,0.708,,False,2025-07-20 16:10:48.518906,2025-07-20 16:10:45.930033,7632684980,"Hoje 14/07 falei com Maria Silva na Pracinha, bueiro entupido na esquina da Rua jose da silva calvo, telefone 11 7777-8888, urgente porque tem cheiro de esgoto",,
15,15,2025-07-14,,Setsuko,+5511333338888,,Rua Hugo Bregaid,PODA_ARVORE,Poda de árvore na Rua Hugo Bregaid por questões estéticas,BAIXA,False,texto_digitado,0.675,,False,2025-07-20 17:42:37.320523,2025-07-20 17:42:35.212566,7632684980,"Hoje 14/07 falei com Setsuko, poda de arvore na Rua hugo bregaid, telefone 11 33333-8888, nao urgente pq eh soh estetico",,
16,16,2025-07-14,,Setsuko,+5511333338888,,Rua Hugo Bregaid,PODA_ARVORE,Poda de árvore na Rua Hugo Bregaid,BAIXA,False,texto_digitado,0.675,,False,2025-07-20 17:50:28.110452,2025-07-20 17:50:26.221969,7632684980,"Hoje 14/07 falei com Setsuko, poda de arvore na Rua hugo bregaid, telefone 11 33333-8888, nao urgente pq eh soh estetico",,
17,17,2025-07-14,,Maria Silva,+551177778888,,"Pracinha, esquina da Rua José da Silva Calvo",BUEIRO,Bueiro entupido na esquina da Rua José da Silva Calvo com cheiro de esgoto,ALTA,True,texto_digitado,0.708,,False,2025-07-20 17:57:18.843357,2025-07-20 17:57:16.915207,7632684980,"Hoje 14/07 falei com Maria Silva na Pracinha, bueiro entupido na esquina da Rua jose da silva calvo, telefone 11 7777-8888, urgente porque tem cheiro de esgoto",,
18,18,,,,,,,,,,,texto_digitado,0.0,,False,2025-07-20 18:09:28.430098,2025-07-20 18:09:26.446919,7632684980,postgresql://postgres:HMjrapQYaqXpKVYwrHbNtzRHHIdQhmJZ@shinkansen.proxy.rlwy.net:15314/railway,,
19,19,2025-12-08,,Tereza,+55119999977333,Consolação,,FIACAO,"Problema com a fiação, risco de choque",ALTA,,texto_digitado,0.92,,False,2025-07-20 18:09:53.789836,2025-07-20 18:09:51.849729,7632684980,"08/12 falei com  Tereza na consolacao, problema com a fiacao telefone 11 99999-77333, risco de choque",,
